traveller_id,persona_type,cost_sensitivity,time_sensitivity,reliability_sensitivity,comfort_preference,transfer_tolerance,departure_time_flexibility,sustainability_preference
T000001,Cost-Sensitive Commuter,0.7778,0.3397,0.6524,0.5522,0.7267,0.776,0.3599
T000002,Cost-Sensitive Commuter,0.7156,0.2559,0.8463,0.5241,0.9109,0.5242,0.3885
T000003,Cost-Sensitive Commuter,0.7494,0.3206,0.6294,0.7585,0.9471,0.6925,0.534
T000004,Cost-Sensitive Commuter,0.7932,0.5464,0.5554,0.433,0.8516,0.9002,0.7002
T000005,Cost-Sensitive Commuter,0.7689,0.0951,0.7477,0.5632,0.8219,0.6212,0.4906
T000006,Cost-Sensitive Commuter,0.7052,0.2731,0.6536,0.3736,0.7659,0.7456,0.6028
T000007,Cost-Sensitive Commuter,0.7626,0.2685,0.7337,0.5257,0.8048,0.6671,0.6733
T000008,Cost-Sensitive Commuter,0.8865,0.4009,0.5991,0.6206,0.6961,0.7206,0.5621
T000009,Cost-Sensitive Commuter,0.8634,0.2043,0.7402,0.5031,0.7182,0.9352,0.6194
T000010,Cost-Sensitive Commuter,0.7176,0.2676,0.4953,0.5249,0.9149,0.7864,0.3366
T000011,Cost-Sensitive Commuter,0.8461,0.2665,0.6985,0.3819,0.7019,0.6573,0.489
T000012,Cost-Sensitive Commuter,0.7571,0.3355,0.6495,0.366,0.8696,0.7863,0.5139
T000013,Cost-Sensitive Commuter,0.8339,0.2969,0.4585,0.3581,0.8744,0.8617,0.2535
T000014,Cost-Sensitive Commuter,0.8138,0.2391,0.6258,0.7395,0.7444,0.6387,0.3161
T000015,Cost-Sensitive Commuter,0.893,0.4684,0.3894,0.4353,0.8544,0.8283,0.3169
T000016,Cost-Sensitive Commuter,0.7295,0.5303,0.6406,0.4659,0.8576,0.8722,0.2965
T000017,Cost-Sensitive Commuter,0.8832,0.4263,0.6905,0.6115,0.7603,0.7969,0.3186
T000018,Cost-Sensitive Commuter,0.9405,0.5207,0.8511,0.4353,0.9,0.6283,0.4697
T000019,Cost-Sensitive Commuter,0.7769,0.2449,0.5858,0.4377,0.8435,0.6387,0.3175
T000020,Cost-Sensitive Commuter,0.7531,0.428,0.7449,0.4638,0.8354,0.8216,0.3414
T000021,Cost-Sensitive Commuter,0.8771,0.2708,0.5838,0.5066,0.8418,0.6083,0.5298
T000022,Cost-Sensitive Commuter,0.826,0.4517,0.862,0.5991,0.9064,0.9375,0.3495
T000023,Cost-Sensitive Commuter,0.7936,0.3589,0.6658,0.3535,0.7946,0.8831,0.4513
T000024,Cost-Sensitive Commuter,0.9416,0.4005,0.7766,0.7299,0.8384,0.8213,0.3196
T000025,Cost-Sensitive Commuter,0.725,0.2176,0.446,0.5532,0.8583,0.7015,0.3734
T000026,Cost-Sensitive Commuter,0.8491,0.4788,0.5299,0.4164,0.8575,0.7604,0.4037
T000027,Cost-Sensitive Commuter,0.8799,0.4731,0.6582,0.7051,0.594,0.7836,0.4578
T000028,Cost-Sensitive Commuter,0.8279,0.1001,0.556,0.6519,0.8671,0.7494,0.3898
T000029,Cost-Sensitive Commuter,0.8003,0.1503,0.697,0.6456,0.416,0.8872,0.4122
T000030,Cost-Sensitive Commuter,0.6912,0.4143,0.633,0.8294,0.8412,0.6929,0.5696
T000031,Cost-Sensitive Commuter,0.7629,0.297,0.7343,0.6519,0.6838,0.7826,0.4306
T000032,Cost-Sensitive Commuter,0.7373,0.3444,0.6025,0.5387,0.8674,0.7184,0.3722
T000033,Cost-Sensitive Commuter,0.842,0.173,0.6289,0.6301,0.8911,0.7144,0.4152
T000034,Cost-Sensitive Commuter,0.9465,0.3744,0.6211,0.6699,0.8759,0.8265,0.6068
T000035,Cost-Sensitive Commuter,0.6566,0.3992,0.6615,0.2456,0.7848,0.8049,0.4289
T000036,Cost-Sensitive Commuter,0.97,0.4285,0.639,0.2589,0.9289,0.6831,0.4612
T000037,Cost-Sensitive Commuter,0.8552,0.5067,0.7031,0.3542,0.8666,0.789,0.485
T000038,Cost-Sensitive Commuter,0.8797,0.1611,0.4693,0.6058,0.6678,0.9127,0.4476
T000039,Cost-Sensitive Commuter,0.7555,0.3013,0.6242,0.434,0.8313,0.7441,0.547
T000040,Cost-Sensitive Commuter,0.8776,0.3856,0.6445,0.2553,0.7419,0.8408,0.5672
T000041,Cost-Sensitive Commuter,0.5551,0.3806,0.8362,0.4309,0.8419,0.7417,0.6287
T000042,Cost-Sensitive Commuter,0.7856,0.3602,0.7544,0.5207,0.6199,0.8429,0.3106
T000043,Cost-Sensitive Commuter,0.8807,0.2934,0.6206,0.6012,0.8855,0.7733,0.5618
T000044,Cost-Sensitive Commuter,0.9169,0.2854,0.8307,0.3844,0.775,0.9158,0.6701
T000045,Cost-Sensitive Commuter,0.8901,0.2875,0.6792,0.5468,0.5805,0.7427,0.4231
T000046,Cost-Sensitive Commuter,0.9018,0.1813,0.7411,0.5334,0.7927,0.7332,0.4686
T000047,Cost-Sensitive Commuter,0.8334,0.2719,0.7664,0.749,0.8553,0.5857,0.5547
T000048,Cost-Sensitive Commuter,0.5684,0.3381,0.8414,0.5189,0.6759,0.8456,0.4704
T000049,Cost-Sensitive Commuter,0.9072,0.5228,0.6664,0.8912,0.9015,0.5421,0.3702
T000050,Cost-Sensitive Commuter,0.856,0.4751,0.8097,0.4727,0.9555,0.8816,0.503
T000051,Cost-Sensitive Commuter,0.8377,0.5609,0.5483,0.4792,0.8558,0.7897,0.5604
T000052,Cost-Sensitive Commuter,0.8244,0.2424,0.771,0.5929,0.8327,0.805,0.3061
T000053,Cost-Sensitive Commuter,0.6952,0.3295,0.695,0.6841,0.8499,0.6551,0.4043
T000054,Cost-Sensitive Commuter,0.7896,0.5287,0.6933,0.3727,0.8684,0.667,0.5292
T000055,Cost-Sensitive Commuter,0.7672,0.5785,0.5915,0.3793,0.6975,0.6802,0.5321
T000056,Cost-Sensitive Commuter,0.846,0.3417,0.8131,0.5135,0.9674,0.7058,0.5412
T000057,Cost-Sensitive Commuter,0.8316,0.2163,0.727,0.5811,0.857,0.7118,0.2747
T000058,Cost-Sensitive Commuter,0.9439,0.3097,0.6931,0.3159,0.8726,0.8682,0.6439
T000059,Cost-Sensitive Commuter,0.7257,0.3354,0.641,0.5252,0.7897,0.5458,0.4558
T000060,Cost-Sensitive Commuter,0.9596,0.3829,0.7387,0.7205,0.8616,0.895,0.5678
T000061,Cost-Sensitive Commuter,0.5389,0.54,0.5421,0.5165,0.7768,0.7076,0.3105
T000062,Cost-Sensitive Commuter,0.9378,0.3238,0.6737,0.5896,0.8427,0.5615,0.5604
T000063,Cost-Sensitive Commuter,0.9491,0.5399,0.6483,0.8274,0.7666,0.6057,0.3628
T000064,Cost-Sensitive Commuter,0.9284,0.5738,0.5102,0.5719,0.9364,0.6581,0.327
T000065,Cost-Sensitive Commuter,0.9011,0.5215,0.6551,0.6062,0.6745,0.6142,0.2068
T000066,Cost-Sensitive Commuter,0.8591,0.2417,0.7165,0.698,0.7599,0.7847,0.2729
T000067,Cost-Sensitive Commuter,0.8014,0.4624,0.7944,0.5933,0.6604,0.9629,0.4455
T000068,Cost-Sensitive Commuter,0.8372,0.1865,0.6556,0.4785,0.8595,0.7216,0.5345
T000069,Cost-Sensitive Commuter,0.8916,0.2227,0.691,0.6148,0.8429,0.9324,0.2541
T000070,Cost-Sensitive Commuter,0.6742,0.4779,0.7202,0.5425,0.8228,0.7229,0.4518
T000071,Cost-Sensitive Commuter,0.7728,0.2384,0.7611,0.5546,0.8988,0.8836,0.5175
T000072,Cost-Sensitive Commuter,0.8368,0.2182,0.7313,0.8293,0.4737,0.5904,0.4122
T000073,Cost-Sensitive Commuter,0.9335,0.5418,0.7866,0.6492,0.5381,0.7768,0.4875
T000074,Cost-Sensitive Commuter,0.8659,0.3345,0.632,0.6022,0.7938,0.706,0.3319
T000075,Cost-Sensitive Commuter,0.6752,0.2462,0.7963,0.6216,0.7713,0.6668,0.5939
T000076,Cost-Sensitive Commuter,0.7954,0.273,0.7537,0.3286,0.9557,0.5821,0.3363
T000077,Cost-Sensitive Commuter,0.5365,0.5141,0.7665,0.6173,0.7361,0.7845,0.503
T000078,Cost-Sensitive Commuter,0.8671,0.1579,0.6031,0.5057,0.6278,0.4858,0.4291
T000079,Cost-Sensitive Commuter,0.7624,0.5494,0.6812,0.4334,0.9082,0.7445,0.5549
T000080,Cost-Sensitive Commuter,0.7287,0.5317,0.6263,0.4833,0.7794,0.6749,0.1282
T000081,Cost-Sensitive Commuter,0.8565,0.3202,0.5102,0.4817,0.9915,0.8153,0.6054
T000082,Cost-Sensitive Commuter,0.8048,0.2482,0.661,0.7696,0.9477,0.8277,0.4116
T000083,Cost-Sensitive Commuter,0.7665,0.2026,0.6973,0.3968,0.7567,0.9637,0.2151
T000084,Cost-Sensitive Commuter,0.8634,0.548,0.5787,0.377,0.8614,0.5697,0.4732
T000085,Cost-Sensitive Commuter,0.7468,0.2293,0.6666,0.4204,0.8772,0.674,0.5278
T000086,Cost-Sensitive Commuter,0.8986,0.1999,0.8464,0.6596,0.7256,0.4391,0.3133
T000087,Cost-Sensitive Commuter,0.7913,0.3779,0.5038,0.2669,0.8412,0.6781,0.3963
T000088,Cost-Sensitive Commuter,0.8085,0.5733,0.7335,0.5934,0.9669,0.5041,0.4994
T000089,Cost-Sensitive Commuter,0.6491,0.5373,0.8678,0.5639,0.8209,0.5907,0.1628
T000090,Cost-Sensitive Commuter,0.8182,0.2388,0.5461,0.6184,0.868,0.7998,0.3081
T000091,Cost-Sensitive Commuter,0.8431,0.3025,0.5264,0.5296,0.8822,0.6652,0.3664
T000092,Cost-Sensitive Commuter,0.8548,0.152,0.7671,0.5914,0.8164,0.6792,0.2635
T000093,Cost-Sensitive Commuter,0.921,0.2098,0.5252,0.6418,0.8079,0.4724,0.67
T000094,Cost-Sensitive Commuter,0.9279,0.4114,0.5809,0.4142,0.8434,0.885,0.5773
T000095,Cost-Sensitive Commuter,0.7501,0.3717,0.6298,0.3407,0.8718,0.7037,0.5211
T000096,Cost-Sensitive Commuter,0.6562,0.1354,0.791,0.6406,0.8181,0.6862,0.4945
T000097,Cost-Sensitive Commuter,0.7831,0.3684,0.6098,0.5651,0.7776,0.7921,0.6966
T000098,Cost-Sensitive Commuter,0.9456,0.2256,0.5079,0.5612,0.8135,0.5697,0.3657
T000099,Cost-Sensitive Commuter,0.7432,0.2263,0.6048,0.2415,0.8729,0.5103,0.5184
T000100,Cost-Sensitive Commuter,0.7934,0.3404,0.8191,0.6135,0.6705,0.8314,0.4553
T000101,Time-Sensitive Professional,0.3147,0.8903,0.9388,0.8376,0.4062,0.2506,0.1228
T000102,Time-Sensitive Professional,0.381,0.7022,0.7774,0.7985,0.3328,0.3626,0.4515
T000103,Time-Sensitive Professional,0.1763,0.8917,0.7039,0.6765,0.0899,0.2133,0.3867
T000104,Time-Sensitive Professional,0.1859,0.8144,0.7708,0.8689,0.1896,0.4494,0.2086
T000105,Time-Sensitive Professional,0.1695,0.8247,0.8715,0.7498,0.3114,0.1904,0.31
T000106,Time-Sensitive Professional,0.2874,0.8517,0.8223,0.8578,0.2747,0.7192,0.3664
T000107,Time-Sensitive Professional,0.194,0.7783,0.9596,0.664,0.261,0.4137,0.21
T000108,Time-Sensitive Professional,0.3566,0.8245,0.8971,0.7841,0.1659,0.4744,0.3332
T000109,Time-Sensitive Professional,0.1925,0.9723,0.9654,0.8607,0.327,0.394,0.2389
T000110,Time-Sensitive Professional,0.3174,0.8502,0.9504,0.8964,0.3419,0.1905,0.3872
T000111,Time-Sensitive Professional,0.4771,0.9377,0.7803,0.7809,0.4761,0.2855,0.3983
T000112,Time-Sensitive Professional,0.2641,0.8451,0.837,0.8739,0.1365,0.3349,0.1745
T000113,Time-Sensitive Professional,0.2326,0.822,0.944,0.86,0.2214,0.4886,0.3517
T000114,Time-Sensitive Professional,0.4541,0.899,0.7391,0.9047,0.2811,0.213,0.415
T000115,Time-Sensitive Professional,0.1779,0.846,0.6948,0.7721,0.2748,0.4677,0.1379
T000116,Time-Sensitive Professional,0.4202,0.792,0.9812,0.7189,0.2698,0.6004,0.4039
T000117,Time-Sensitive Professional,0.4437,0.7757,0.9051,0.6533,0.1909,0.3625,0.4436
T000118,Time-Sensitive Professional,0.1701,0.7277,0.8694,0.7275,0.2391,0.1073,0.558
T000119,Time-Sensitive Professional,0.6894,0.9335,0.7596,0.7531,0.1926,0.5099,0.3915
T000120,Time-Sensitive Professional,0.4051,0.8818,0.888,0.8401,0.5148,0.2827,0.2245
T000121,Time-Sensitive Professional,0.3608,0.9227,0.9877,0.8528,0.2625,0.2952,0.3749
T000122,Time-Sensitive Professional,0.1043,0.8852,0.8786,0.7812,0.1546,0.57,0.3834
T000123,Time-Sensitive Professional,0.2734,0.972,0.9939,0.8735,0.2533,0.2309,0.4479
T000124,Time-Sensitive Professional,0.3865,0.7783,0.9163,0.6016,0.1316,0.1564,0.5227
T000125,Time-Sensitive Professional,0.3287,0.8273,0.8773,0.8127,0.3263,0.3253,0.3588
T000126,Time-Sensitive Professional,0.3859,0.9506,0.8866,0.882,0.2805,0.6626,0.3557
T000127,Time-Sensitive Professional,0.1666,0.8281,0.8191,0.4804,0.3032,0.28,0.3532
T000128,Time-Sensitive Professional,0.4965,0.8877,0.9797,0.6467,0.1517,0.4046,0.3275
T000129,Time-Sensitive Professional,0.2323,0.7839,0.9121,0.7505,0.1975,0.3409,0.3899
T000130,Time-Sensitive Professional,0.2579,0.8241,0.9517,0.8635,0.2152,0.3782,0.2519
T000131,Time-Sensitive Professional,0.6834,0.7884,0.9172,0.9513,0.1438,0.2924,0.4518
T000132,Time-Sensitive Professional,0.3581,0.7941,0.9438,0.7868,0.2291,0.2947,0.3987
T000133,Time-Sensitive Professional,0.3691,0.7639,0.9248,0.8131,0.1215,0.3893,0.3696
T000134,Time-Sensitive Professional,0.1793,0.7814,0.8578,0.8769,0.2653,0.143,0.2316
T000135,Time-Sensitive Professional,0.3419,0.869,0.872,0.8328,0.3492,0.4924,0.2103
T000136,Time-Sensitive Professional,0.3083,0.8595,0.8332,0.704,0.0701,0.3565,0.4803
T000137,Time-Sensitive Professional,0.0392,0.8755,0.9137,0.636,0.2658,0.3016,0.5606
T000138,Time-Sensitive Professional,0.1559,0.9681,0.9499,0.878,0.1214,0.1619,0.3948
T000139,Time-Sensitive Professional,0.2458,0.8267,0.7606,0.9046,0.3674,0.301,0.5941
T000140,Time-Sensitive Professional,0.2601,0.8421,0.9544,0.7773,0.0938,0.1494,0.4674
T000141,Time-Sensitive Professional,0.3952,0.7887,0.9486,0.9154,0.2295,0.4453,0.2251
T000142,Time-Sensitive Professional,0.0827,0.9899,0.8404,0.9525,0.3324,0.5561,0.367
T000143,Time-Sensitive Professional,0.4111,0.9524,0.8357,0.8955,0.2577,0.3249,0.2983
T000144,Time-Sensitive Professional,0.32,0.8452,0.9171,0.5714,0.1998,0.4107,0.3985
T000145,Time-Sensitive Professional,0.2996,0.8775,0.9495,0.9018,0.1098,0.2439,0.3531
T000146,Time-Sensitive Professional,0.4005,0.8932,0.9273,0.6283,0.2298,0.2705,0.4323
T000147,Time-Sensitive Professional,0.3615,0.8068,0.8717,0.6311,0.2844,0.2662,0.4401
T000148,Time-Sensitive Professional,0.2326,0.9419,0.8739,0.8625,0.5659,0.3138,0.2667
T000149,Time-Sensitive Professional,0.3698,0.6976,0.974,0.6921,0.3706,0.2634,0.3471
T000150,Time-Sensitive Professional,0.3267,0.8648,0.8882,0.7023,0.2107,0.3114,0.382
T000151,Time-Sensitive Professional,0.3207,0.9055,0.9207,0.8373,0.4171,0.3283,0.4006
T000152,Time-Sensitive Professional,0.5951,0.7776,0.9646,0.5026,0.2084,0.4907,0.4909
T000153,Time-Sensitive Professional,0.5534,0.9641,0.8581,0.8892,0.2709,0.2867,0.2272
T000154,Time-Sensitive Professional,0.4965,0.9248,0.8963,0.885,0.4243,0.5713,0.2491
T000155,Time-Sensitive Professional,0.1875,0.722,0.8749,0.9398,0.152,0.1822,0.252
T000156,Time-Sensitive Professional,0.3956,0.8072,0.8134,0.8753,0.1904,0.4319,0.4786
T000157,Time-Sensitive Professional,0.344,0.9717,0.9425,0.8398,0.3066,0.2622,0.4331
T000158,Time-Sensitive Professional,0.5867,0.9418,0.9396,0.7937,0.4327,0.3102,0.2602
T000159,Time-Sensitive Professional,0.5108,0.8578,0.7775,0.6348,0.2835,0.3789,0.3444
T000160,Time-Sensitive Professional,0.3986,0.7685,0.9376,0.7027,0.4073,0.5272,0.1869
T000161,Time-Sensitive Professional,0.2809,0.9083,0.8378,0.9254,0.5002,0.2181,0.1992
T000162,Time-Sensitive Professional,0.2946,0.9297,0.9702,0.8479,0.4944,0.2049,0.2516
T000163,Time-Sensitive Professional,0.2847,0.8784,0.7858,0.8959,0.3019,0.345,0.4654
T000164,Time-Sensitive Professional,0.3117,0.6561,0.9456,0.807,0.3006,0.3576,0.4293
T000165,Time-Sensitive Professional,0.2215,0.7671,0.8534,0.7555,0.3987,0.478,0.257
T000166,Time-Sensitive Professional,0.5183,0.8949,0.9252,0.813,0.1403,0.5055,0.2777
T000167,Time-Sensitive Professional,0.3683,0.5685,0.8953,0.754,0.1703,0.4394,0.2164
T000168,Time-Sensitive Professional,0.2607,0.8885,0.8746,0.7542,0.2094,0.2465,0.2604
T000169,Time-Sensitive Professional,0.2993,0.8489,0.9221,0.8615,0.2884,0.2897,0.2875
T000170,Time-Sensitive Professional,0.2628,0.7597,0.9664,0.4426,0.1743,0.1157,0.3762
T000171,Time-Sensitive Professional,0.1937,0.7953,0.8266,0.8252,0.3749,0.2449,0.3329
T000172,Time-Sensitive Professional,0.4416,0.6732,0.9224,0.8106,0.2251,0.314,0.1333
T000173,Time-Sensitive Professional,0.0948,0.9715,0.9759,0.9155,0.163,0.3751,0.22
T000174,Time-Sensitive Professional,0.2067,0.9259,0.8836,0.7457,0.1358,0.4486,0.4205
T000175,Time-Sensitive Professional,0.4424,0.8266,0.8086,0.8378,0.3794,0.2676,0.3642
T000176,Time-Sensitive Professional,0.4466,0.88,0.9353,0.7622,0.1987,0.1725,0.3023
T000177,Time-Sensitive Professional,0.2829,0.8468,0.9535,0.8154,0.2436,0.192,0.3953
T000178,Time-Sensitive Professional,0.1922,0.8325,0.9581,0.8022,0.0984,0.4422,0.2814
T000179,Time-Sensitive Professional,0.1828,0.8776,0.8423,0.6968,0.2095,0.526,0.443
T000180,Time-Sensitive Professional,0.2859,0.872,0.9422,0.5587,0.1268,0.3089,0.381
T000181,Time-Sensitive Professional,0.153,0.8102,0.9839,0.8146,0.3356,0.3598,0.2902
T000182,Time-Sensitive Professional,0.3193,0.9218,0.5882,0.7364,0.1897,0.5031,0.6099
T000183,Time-Sensitive Professional,0.3686,0.8403,0.9053,0.7492,0.2988,0.3237,0.3321
T000184,Time-Sensitive Professional,0.2739,0.9181,0.8695,0.7691,0.0672,0.3145,0.4717
T000185,Time-Sensitive Professional,0.3195,0.9236,0.8559,0.8786,0.3377,0.4541,0.4563
T000186,Time-Sensitive Professional,0.3806,0.964,0.9863,0.8771,0.2201,0.4642,0.2295
T000187,Time-Sensitive Professional,0.3014,0.8124,0.8311,0.5731,0.145,0.3294,0.2797
T000188,Time-Sensitive Professional,0.2733,0.8015,0.9246,0.6065,0.5015,0.4499,0.519
T000189,Time-Sensitive Professional,0.5663,0.8773,0.8084,0.7879,0.219,0.2643,0.2966
T000190,Time-Sensitive Professional,0.3375,0.8816,0.8961,0.7692,0.1895,0.3552,0.3734
T000191,Time-Sensitive Professional,0.3858,0.9455,0.8504,0.6151,0.1316,0.3792,0.272
T000192,Time-Sensitive Professional,0.3317,0.7318,0.9577,0.8262,0.2428,0.2513,0.4071
T000193,Time-Sensitive Professional,0.3108,0.905,0.9143,0.8055,0.3419,0.2656,0.2731
T000194,Time-Sensitive Professional,0.3012,0.8253,0.9435,0.8667,0.2375,0.3019,0.4535
T000195,Time-Sensitive Professional,0.3732,0.6591,0.9097,0.8468,0.3962,0.4456,0.3898
T000196,Time-Sensitive Professional,0.1435,0.849,0.9674,0.819,0.2953,0.5092,0.4089
T000197,Time-Sensitive Professional,0.4402,0.8593,0.9838,0.5267,0.4126,0.5093,0.4825
T000198,Time-Sensitive Professional,0.2834,0.9731,0.9582,0.9013,0.1376,0.4752,0.373
T000199,Time-Sensitive Professional,0.1243,0.9536,0.869,0.5753,0.2046,0.2881,0.3083
T000200,Time-Sensitive Professional,0.1912,0.9183,0.9442,0.7157,0.2192,0.5923,0.1961
T000201,Occasional Leisure Traveler,0.6695,0.4375,0.6022,0.753,0.5923,0.7833,0.693
T000202,Occasional Leisure Traveler,0.6725,0.3541,0.6126,0.7297,0.6005,0.6655,0.5492
T000203,Occasional Leisure Traveler,0.7745,0.5094,0.5896,0.7274,0.4064,0.8823,0.45
T000204,Occasional Leisure Traveler,0.6077,0.6059,0.3215,0.6599,0.5079,0.923,0.3553
T000205,Occasional Leisure Traveler,0.4322,0.461,0.697,0.7397,0.4051,0.7736,0.5927
T000206,Occasional Leisure Traveler,0.7218,0.6884,0.5004,0.7129,0.5957,0.8015,0.571
T000207,Occasional Leisure Traveler,0.5182,0.415,0.6377,0.4821,0.6741,0.8082,0.3977
T000208,Occasional Leisure Traveler,0.4687,0.2099,0.2765,0.6652,0.5256,0.7173,0.6025
T000209,Occasional Leisure Traveler,0.6116,0.3282,0.3679,0.752,0.5163,0.7671,0.52
T000210,Occasional Leisure Traveler,0.4238,0.4476,0.4183,0.7216,0.6694,0.5303,0.5275
T000211,Occasional Leisure Traveler,0.6158,0.8167,0.6606,0.7501,0.553,0.8901,0.5849
T000212,Occasional Leisure Traveler,0.5094,0.3584,0.7027,0.6436,0.6724,0.8633,0.6281
T000213,Occasional Leisure Traveler,0.6955,0.2244,0.3453,0.6299,0.5535,0.9471,0.5527
T000214,Occasional Leisure Traveler,0.6286,0.2799,0.5957,0.7025,0.6437,0.7387,0.65
T000215,Occasional Leisure Traveler,0.3387,0.5577,0.7189,0.7274,0.6139,0.7535,0.5973
T000216,Occasional Leisure Traveler,0.6572,0.5662,0.2863,0.7795,0.4846,0.8471,0.4465
T000217,Occasional Leisure Traveler,0.4952,0.3837,0.6965,0.732,0.4416,0.686,0.5005
T000218,Occasional Leisure Traveler,0.8027,0.3634,0.2865,0.8083,0.5703,0.8857,0.5747
T000219,Occasional Leisure Traveler,0.2623,0.4444,0.5201,0.5943,0.524,0.829,0.3986
T000220,Occasional Leisure Traveler,0.5561,0.2212,0.4878,0.5945,0.5123,0.7542,0.5683
T000221,Occasional Leisure Traveler,0.4463,0.2512,0.4982,0.7007,0.7047,0.7662,0.509
T000222,Occasional Leisure Traveler,0.785,0.4593,0.561,0.6284,0.6449,0.7456,0.4721
T000223,Occasional Leisure Traveler,0.3545,0.4876,0.6475,0.7857,0.626,0.7412,0.625
T000224,Occasional Leisure Traveler,0.6721,0.3844,0.7154,0.9523,0.2706,0.6291,0.2638
T000225,Occasional Leisure Traveler,0.3513,0.413,0.6483,0.8067,0.6403,0.9679,0.3225
T000226,Occasional Leisure Traveler,0.6124,0.3802,0.5379,0.7523,0.5181,0.7352,0.528
T000227,Occasional Leisure Traveler,0.6063,0.3262,0.4022,0.3973,0.6001,0.8301,0.4024
T000228,Occasional Leisure Traveler,0.5496,0.6225,0.5199,0.5482,0.3433,0.7363,0.7016
T000229,Occasional Leisure Traveler,0.5887,0.2748,0.3916,0.7528,0.4711,0.6434,0.609
T000230,Occasional Leisure Traveler,0.3636,0.2987,0.596,0.6439,0.5603,0.5349,0.2868
T000231,Occasional Leisure Traveler,0.5419,0.6995,0.3862,0.7892,0.5661,0.9045,0.5451
T000232,Occasional Leisure Traveler,0.3209,0.5885,0.5241,0.8007,0.5227,0.8167,0.3037
T000233,Occasional Leisure Traveler,0.4407,0.3749,0.459,0.7416,0.6893,0.7161,0.7689
T000234,Occasional Leisure Traveler,0.463,0.5009,0.6237,0.6656,0.5029,0.8833,0.3872
T000235,Occasional Leisure Traveler,0.6371,0.4083,0.7342,0.5183,0.5813,0.8985,0.5927
T000236,Occasional Leisure Traveler,0.4677,0.5731,0.5666,0.581,0.4316,0.7105,0.7653
T000237,Occasional Leisure Traveler,0.3616,0.3635,0.4773,0.6908,0.6013,0.7479,0.4896
T000238,Occasional Leisure Traveler,0.484,0.3173,0.7322,0.7572,0.6207,0.8607,0.6592
T000239,Occasional Leisure Traveler,0.7389,0.4066,0.5675,0.7513,0.5871,0.8406,0.7664
T000240,Occasional Leisure Traveler,0.4529,0.6205,0.4526,0.626,0.5939,0.8516,0.665
T000241,Occasional Leisure Traveler,0.5645,0.2547,0.4809,0.6822,0.6652,0.9058,0.6435
T000242,Occasional Leisure Traveler,0.7434,0.5647,0.4901,0.6072,0.5684,0.6152,0.5663
T000243,Occasional Leisure Traveler,0.8392,0.4142,0.6194,0.5361,0.6475,0.715,0.4859
T000244,Occasional Leisure Traveler,0.6939,0.3587,0.5141,0.6995,0.4955,0.4735,0.5788
T000245,Occasional Leisure Traveler,0.7701,0.6211,0.421,0.6971,0.402,0.9363,0.6738
T000246,Occasional Leisure Traveler,0.5623,0.304,0.5366,0.585,0.5737,0.8943,0.5752
T000247,Occasional Leisure Traveler,0.7777,0.5421,0.693,0.8487,0.7535,0.8119,0.4977
T000248,Occasional Leisure Traveler,0.4432,0.6097,0.6499,0.7837,0.3876,0.787,0.5363
T000249,Occasional Leisure Traveler,0.7265,0.496,0.8319,0.6545,0.7516,0.8534,0.5966
T000250,Occasional Leisure Traveler,0.4383,0.7541,0.5783,0.6985,0.4589,0.9257,0.4205
T000251,Occasional Leisure Traveler,0.7761,0.3163,0.4325,0.7225,0.5371,0.8245,0.3891
T000252,Occasional Leisure Traveler,0.5711,0.3266,0.5119,0.732,0.4887,0.7784,0.5811
T000253,Occasional Leisure Traveler,0.4294,0.5191,0.4773,0.8985,0.6501,0.8186,0.6002
T000254,Occasional Leisure Traveler,0.3315,0.6001,0.6791,0.54,0.6462,0.8388,0.2335
T000255,Occasional Leisure Traveler,0.4403,0.6717,0.3571,0.5765,0.5306,0.7403,0.6331
T000256,Occasional Leisure Traveler,0.6536,0.176,0.4551,0.8355,0.6917,0.6695,0.4641
T000257,Occasional Leisure Traveler,0.4946,0.1847,0.6147,0.5518,0.6933,0.8706,0.6088
T000258,Occasional Leisure Traveler,0.3777,0.3337,0.5802,0.834,0.6126,0.8468,0.4602
T000259,Occasional Leisure Traveler,0.6178,0.5626,0.682,0.7588,0.5283,0.5703,0.5497
T000260,Occasional Leisure Traveler,0.7833,0.543,0.512,0.7217,0.5798,0.8692,0.5882
T000261,Occasional Leisure Traveler,0.4399,0.6004,0.5198,0.6152,0.5046,0.776,0.5034
T000262,Occasional Leisure Traveler,0.6262,0.5724,0.3772,0.6801,0.4665,0.8495,0.5809
T000263,Occasional Leisure Traveler,0.3334,0.3283,0.5395,0.6832,0.4116,0.6559,0.3664
T000264,Occasional Leisure Traveler,0.5286,0.604,0.4803,0.8306,0.4922,0.6295,0.4345
T000265,Occasional Leisure Traveler,0.5338,0.4757,0.3059,0.8368,0.4728,0.7971,0.4778
T000266,Occasional Leisure Traveler,0.5018,0.3705,0.6734,0.665,0.3772,0.6817,0.4469
T000267,Occasional Leisure Traveler,0.2783,0.583,0.6536,0.856,0.5011,0.5924,0.4792
T000268,Occasional Leisure Traveler,0.6354,0.4527,0.725,0.7786,0.4419,0.7109,0.6914
T000269,Occasional Leisure Traveler,0.5883,0.3778,0.6467,0.4223,0.7198,0.8326,0.3365
T000270,Occasional Leisure Traveler,0.6337,0.4517,0.6255,0.6707,0.422,0.5581,0.6154
T000271,Occasional Leisure Traveler,0.4982,0.5317,0.5908,0.8335,0.5934,0.9253,0.5183
T000272,Occasional Leisure Traveler,0.5815,0.6,0.5632,0.7154,0.3159,0.8797,0.5254
T000273,Occasional Leisure Traveler,0.5067,0.6676,0.561,0.4771,0.6886,0.7644,0.6515
T000274,Occasional Leisure Traveler,0.6914,0.6348,0.5804,0.805,0.3439,0.8218,0.5222
T000275,Occasional Leisure Traveler,0.5131,0.5239,0.6981,0.6579,0.6537,0.7218,0.6124
T000276,Occasional Leisure Traveler,0.7466,0.4289,0.6272,0.6357,0.6192,0.8075,0.6713
T000277,Occasional Leisure Traveler,0.5728,0.4183,0.4696,0.634,0.6406,0.7099,0.4683
T000278,Occasional Leisure Traveler,0.48,0.4149,0.3427,0.7818,0.5635,0.8002,0.5338
T000279,Occasional Leisure Traveler,0.5507,0.4066,0.5256,0.6449,0.654,0.8825,0.348
T000280,Occasional Leisure Traveler,0.4777,0.5117,0.6584,0.473,0.4998,0.8308,0.3896
T000281,Occasional Leisure Traveler,0.5543,0.4353,0.7111,0.7628,0.6346,0.7078,0.4243
T000282,Occasional Leisure Traveler,0.4719,0.4478,0.5444,0.5547,0.7469,0.7664,0.6199
T000283,Occasional Leisure Traveler,0.4992,0.3727,0.4454,0.6262,0.2327,0.7092,0.3428
T000284,Occasional Leisure Traveler,0.6204,0.507,0.4874,0.7707,0.6032,0.8851,0.572
T000285,Occasional Leisure Traveler,0.5605,0.571,0.6573,0.6688,0.6142,0.8795,0.6594
T000286,Occasional Leisure Traveler,0.5737,0.2472,0.5359,0.6417,0.5388,0.8588,0.4549
T000287,Occasional Leisure Traveler,0.6821,0.6132,0.6034,0.7852,0.5811,0.6539,0.4064
T000288,Occasional Leisure Traveler,0.4658,0.6973,0.5321,0.856,0.6843,0.889,0.5426
T000289,Occasional Leisure Traveler,0.5514,0.1871,0.4329,0.7831,0.5721,0.9409,0.546
T000290,Occasional Leisure Traveler,0.5132,0.496,0.6304,0.6754,0.5584,0.6825,0.5019
T000291,Occasional Leisure Traveler,0.3049,0.6126,0.5033,0.7517,0.4164,0.7757,0.5821
T000292,Occasional Leisure Traveler,0.4376,0.4851,0.2486,0.8183,0.5579,0.5839,0.6373
T000293,Occasional Leisure Traveler,0.5528,0.4328,0.4547,0.5781,0.3654,0.9578,0.3781
T000294,Occasional Leisure Traveler,0.7006,0.3513,0.4833,0.6804,0.4566,0.8172,0.7384
T000295,Occasional Leisure Traveler,0.4176,0.6035,0.6578,0.713,0.4329,0.9626,0.4677
T000296,Occasional Leisure Traveler,0.3063,0.2504,0.4456,0.7625,0.3506,0.8533,0.4455
T000297,Occasional Leisure Traveler,0.5755,0.5878,0.6426,0.8715,0.5605,0.7563,0.546
T000298,Occasional Leisure Traveler,0.806,0.6036,0.4303,0.6522,0.5755,0.8197,0.5011
T000299,Occasional Leisure Traveler,0.63,0.4264,0.5262,0.8037,0.3535,0.7275,0.6287
T000300,Occasional Leisure Traveler,0.4491,0.3235,0.6858,0.7028,0.4849,0.721,0.3633
T000301,Car-Dependent Suburban,0.6183,0.6734,0.5985,0.8591,0.0791,0.4631,0.5976
T000302,Car-Dependent Suburban,0.5392,0.8035,0.6977,0.5047,0.0318,0.6945,0.2124
T000303,Car-Dependent Suburban,0.12,0.6249,0.5928,0.5597,0.1435,0.3055,0.2344
T000304,Car-Dependent Suburban,0.4847,0.3937,0.5699,0.8916,0.0178,0.6698,0.3965
T000305,Car-Dependent Suburban,0.3955,0.4816,0.572,0.6428,0.122,0.7467,0.5158
T000306,Car-Dependent Suburban,0.4873,0.4594,0.4787,0.7627,0.2531,0.8122,0.1996
T000307,Car-Dependent Suburban,0.2929,0.5645,0.4289,0.8348,0.2539,0.6046,0.3954
T000308,Car-Dependent Suburban,0.5799,0.7739,0.5925,0.5503,0.3193,0.4102,0.4045
T000309,Car-Dependent Suburban,0.6281,0.5022,0.4611,0.6377,0.1792,0.7263,0.1953
T000310,Car-Dependent Suburban,0.3384,0.5216,0.6797,0.7397,0.2506,0.693,0.282
T000311,Car-Dependent Suburban,0.4793,0.2364,0.7555,0.6703,0.0859,0.7774,0.2337
T000312,Car-Dependent Suburban,0.4826,0.7155,0.4093,0.7592,0.2258,0.7402,0.173
T000313,Car-Dependent Suburban,0.3655,0.642,0.3493,0.6633,0.2544,0.3706,0.476
T000314,Car-Dependent Suburban,0.4231,0.5598,0.376,0.8009,0.1362,0.5767,0.0463
T000315,Car-Dependent Suburban,0.446,0.4409,0.5534,0.6917,0.2851,0.5548,0.4366
T000316,Car-Dependent Suburban,0.3737,0.3692,0.7172,0.6142,0.1558,0.723,0.3904
T000317,Car-Dependent Suburban,0.5976,0.4798,0.6884,0.5766,0.1969,0.5698,0.1519
T000318,Car-Dependent Suburban,0.4304,0.6514,0.3778,0.5872,0.0512,0.5656,0.2699
T000319,Car-Dependent Suburban,0.5193,0.6464,0.6014,0.6428,0.2685,0.4309,0.1868
T000320,Car-Dependent Suburban,0.4758,0.363,0.5082,0.6254,0.267,0.7237,0.3459
T000321,Car-Dependent Suburban,0.317,0.6635,0.546,0.7017,0.1659,0.2612,0.59
T000322,Car-Dependent Suburban,0.523,0.5473,0.5176,0.6289,0.3259,0.5661,0.2085
T000323,Car-Dependent Suburban,0.4132,0.409,0.7912,0.6575,0.1178,0.4184,0.4356
T000324,Car-Dependent Suburban,0.6347,0.4269,0.4833,0.5616,0.2806,0.5453,0.2858
T000325,Car-Dependent Suburban,0.5212,0.7018,0.5081,0.6886,0.1329,0.4504,0.3032
T000326,Car-Dependent Suburban,0.6998,0.518,0.6661,0.7972,0.2793,0.3992,0.2622
T000327,Car-Dependent Suburban,0.6461,0.1978,0.2799,0.6701,0.1221,0.4599,0.3281
T000328,Car-Dependent Suburban,0.3569,0.6456,0.4332,0.7362,0.1275,0.4637,0.1738
T000329,Car-Dependent Suburban,0.3768,0.3261,0.3526,0.8974,0.0734,0.5238,0.3182
T000330,Car-Dependent Suburban,0.2553,0.3911,0.4789,0.5991,0.1459,0.4413,0.2489
T000331,Car-Dependent Suburban,0.364,0.4417,0.4168,0.7187,0.3609,0.5957,0.3799
T000332,Car-Dependent Suburban,0.4608,0.6772,0.569,0.583,0.0684,0.4157,0.2869
T000333,Car-Dependent Suburban,0.4497,0.6199,0.4863,0.8668,0.0617,0.622,0.317
T000334,Car-Dependent Suburban,0.3305,0.6021,0.476,0.8497,0.2998,0.4696,0.5027
T000335,Car-Dependent Suburban,0.4592,0.4826,0.6226,0.5784,0.0195,0.566,0.1049
T000336,Car-Dependent Suburban,0.4995,0.5209,0.6739,0.5359,0.2094,0.5889,0.1338
T000337,Car-Dependent Suburban,0.4343,0.5617,0.5322,0.7569,0.2997,0.4463,0.1776
T000338,Car-Dependent Suburban,0.3258,0.5466,0.354,0.6404,0.2248,0.6256,0.1208
T000339,Car-Dependent Suburban,0.582,0.5388,0.5861,0.7637,0.1974,0.3821,0.2134
T000340,Car-Dependent Suburban,0.4777,0.6401,0.4672,0.5639,0.2107,0.3383,0.0927
T000341,Car-Dependent Suburban,0.4209,0.5831,0.5719,0.7486,0.1798,0.6603,0.1724
T000342,Car-Dependent Suburban,0.3513,0.563,0.5087,0.6961,0.1077,0.5919,0.4215
T000343,Car-Dependent Suburban,0.7281,0.3487,0.5114,0.5451,0.0715,0.7063,0.1731
T000344,Car-Dependent Suburban,0.5084,0.4848,0.7651,0.5552,0.122,0.7526,0.3494
T000345,Car-Dependent Suburban,0.3237,0.3862,0.412,0.6448,0.1439,0.6822,0.4627
T000346,Car-Dependent Suburban,0.4601,0.5134,0.6525,0.5061,0.2445,0.5296,0.2915
T000347,Car-Dependent Suburban,0.4845,0.5804,0.6508,0.3786,0.3486,0.6475,0.1287
T000348,Car-Dependent Suburban,0.4286,0.4438,0.7216,0.784,0.1886,0.4552,0.3687
T000349,Car-Dependent Suburban,0.487,0.5171,0.4368,0.8059,0.2357,0.6753,0.1665
T000350,Car-Dependent Suburban,0.3052,0.4436,0.6351,0.519,0.2308,0.7304,0.24
T000351,Car-Dependent Suburban,0.3892,0.5258,0.5375,0.7112,0.1746,0.49,0.4868
T000352,Car-Dependent Suburban,0.4969,0.4095,0.453,0.7886,0.1723,0.5644,0.1499
T000353,Car-Dependent Suburban,0.6063,0.5522,0.6103,0.5435,0.414,0.7365,0.3339
T000354,Car-Dependent Suburban,0.3509,0.4453,0.4817,0.5425,0.244,0.6075,0.2643
T000355,Car-Dependent Suburban,0.5203,0.5573,0.569,0.7203,0.2703,0.61,0.2798
T000356,Car-Dependent Suburban,0.5545,0.3759,0.2793,0.2624,0.3159,0.6121,0.2066
T000357,Car-Dependent Suburban,0.5369,0.4852,0.6742,0.8407,0.0799,0.5749,0.4469
T000358,Car-Dependent Suburban,0.4158,0.5882,0.5295,0.371,0.1825,0.3252,0.3101
T000359,Car-Dependent Suburban,0.759,0.4362,0.5112,0.6699,0.2179,0.3411,0.3914
T000360,Car-Dependent Suburban,0.3535,0.305,0.5888,0.8595,0.0503,0.6786,0.1207
T000361,Car-Dependent Suburban,0.4442,0.2979,0.682,0.7086,0.0792,0.6709,0.0581
T000362,Car-Dependent Suburban,0.3624,0.5981,0.3211,0.6489,0.2426,0.658,0.3921
T000363,Car-Dependent Suburban,0.4311,0.6593,0.6204,0.6265,0.0931,0.7363,0.3025
T000364,Car-Dependent Suburban,0.4268,0.726,0.4602,0.5232,0.4213,0.7143,0.1264
T000365,Car-Dependent Suburban,0.2999,0.6585,0.5655,0.7822,0.2685,0.7194,0.3615
T000366,Car-Dependent Suburban,0.641,0.4495,0.545,0.7637,0.0885,0.5357,0.4314
T000367,Car-Dependent Suburban,0.6821,0.8398,0.3593,0.4377,0.0404,0.6222,0.2274
T000368,Car-Dependent Suburban,0.4694,0.7091,0.5081,0.6956,0.3581,0.4502,0.4076
T000369,Car-Dependent Suburban,0.3664,0.7074,0.4322,0.6214,0.0609,0.6151,0.428
T000370,Car-Dependent Suburban,0.5368,0.4517,0.6255,0.7638,0.232,0.6148,0.2278
T000371,Car-Dependent Suburban,0.4048,0.6155,0.4366,0.5362,0.2013,0.297,0.4354
T000372,Car-Dependent Suburban,0.5379,0.5599,0.6884,0.6876,0.1651,0.3951,0.2853
T000373,Car-Dependent Suburban,0.3614,0.4243,0.5647,0.7312,0.0833,0.3194,0.4073
T000374,Car-Dependent Suburban,0.397,0.7567,0.5182,0.5822,0.1548,0.4152,0.5187
T000375,Car-Dependent Suburban,0.3456,0.4013,0.7194,0.7196,0.0896,0.6173,0.1683
T000376,Car-Dependent Suburban,0.477,0.4287,0.3749,0.6228,0.269,0.6595,0.2067
T000377,Car-Dependent Suburban,0.4346,0.5849,0.5943,0.6446,0.3211,0.6006,0.5388
T000378,Car-Dependent Suburban,0.4262,0.5256,0.4086,0.5748,0.1542,0.4416,0.2715
T000379,Car-Dependent Suburban,0.5443,0.4143,0.5531,0.5832,0.1233,0.5744,0.3251
T000380,Car-Dependent Suburban,0.4135,0.4556,0.6576,0.8483,0.1453,0.3456,0.2949
T000381,Car-Dependent Suburban,0.393,0.657,0.5301,0.6815,0.1086,0.5723,0.1803
T000382,Car-Dependent Suburban,0.4438,0.7862,0.6006,0.8373,0.0844,0.5729,0.4112
T000383,Car-Dependent Suburban,0.5725,0.5756,0.3475,0.7217,0.1988,0.6887,0.3388
T000384,Car-Dependent Suburban,0.643,0.6144,0.568,0.753,0.1149,0.3171,0.2948
T000385,Car-Dependent Suburban,0.3489,0.5846,0.6783,0.7313,0.3692,0.6274,0.1517
T000386,Car-Dependent Suburban,0.7555,0.5672,0.5122,0.799,0.1801,0.5191,0.1767
T000387,Car-Dependent Suburban,0.5009,0.6866,0.5881,0.8089,0.101,0.6688,0.0453
T000388,Car-Dependent Suburban,0.363,0.3359,0.5402,0.6696,0.3307,0.5161,0.3481
T000389,Car-Dependent Suburban,0.4549,0.5279,0.7161,0.7769,0.1939,0.6614,0.121
T000390,Car-Dependent Suburban,0.3006,0.3771,0.3211,0.5877,0.2214,0.3222,0.2451
T000391,Car-Dependent Suburban,0.4044,0.5686,0.6481,0.4309,0.1024,0.6167,0.3679
T000392,Car-Dependent Suburban,0.5322,0.5803,0.7428,0.7767,0.0912,0.5269,0.2453
T000393,Car-Dependent Suburban,0.6276,0.5537,0.827,0.6013,0.2026,0.6023,0.4544
T000394,Car-Dependent Suburban,0.2814,0.7563,0.6029,0.8376,0.1836,0.8367,0.2441
T000395,Car-Dependent Suburban,0.2618,0.6718,0.4553,0.4334,0.0782,0.5825,0.2102
T000396,Car-Dependent Suburban,0.4278,0.3084,0.6803,0.4894,0.2519,0.5822,0.3484
T000397,Car-Dependent Suburban,0.4209,0.5918,0.5919,0.6299,0.2129,0.6909,0.4284
T000398,Car-Dependent Suburban,0.5526,0.7101,0.2245,0.5551,0.3631,0.5802,0.2874
T000399,Car-Dependent Suburban,0.251,0.6249,0.5691,0.6783,0.2805,0.455,0.1995
T000400,Car-Dependent Suburban,0.5012,0.7401,0.56,0.5837,0.2349,0.4589,0.3177
T000401,Eco-Conscious Urbanite,0.5445,0.4745,0.7127,0.4866,0.4372,0.7917,0.873
T000402,Eco-Conscious Urbanite,0.7082,0.6561,0.5902,0.4224,0.9086,0.7728,0.9399
T000403,Eco-Conscious Urbanite,0.6041,0.4176,0.6909,0.6084,0.7238,0.7437,0.9106
T000404,Eco-Conscious Urbanite,0.7513,0.4002,0.6885,0.3078,0.5358,0.781,0.9611
T000405,Eco-Conscious Urbanite,0.6094,0.2739,0.753,0.5993,0.3761,0.8762,0.8448
T000406,Eco-Conscious Urbanite,0.6045,0.5655,0.6292,0.7346,0.52,0.965,0.8957
T000407,Eco-Conscious Urbanite,0.6842,0.6234,0.5984,0.4143,0.7368,0.7886,0.8924
T000408,Eco-Conscious Urbanite,0.728,0.6551,0.7617,0.5728,0.4737,0.6888,0.8876
T000409,Eco-Conscious Urbanite,0.6358,0.3369,0.8015,0.5843,0.668,0.6952,0.9297
T000410,Eco-Conscious Urbanite,0.4122,0.521,0.5508,0.4416,0.4347,0.6506,0.9379
T000411,Eco-Conscious Urbanite,0.6124,0.6919,0.6794,0.5614,0.6997,0.5964,0.8505
T000412,Eco-Conscious Urbanite,0.3978,0.5427,0.8466,0.6211,0.7462,0.8807,0.8175
T000413,Eco-Conscious Urbanite,0.6955,0.5277,0.8021,0.5107,0.7892,0.7613,0.9408
T000414,Eco-Conscious Urbanite,0.6093,0.685,0.6979,0.6327,0.7252,0.8223,0.8048
T000415,Eco-Conscious Urbanite,0.6773,0.4596,0.6319,0.7068,0.7587,0.7011,0.9335
T000416,Eco-Conscious Urbanite,0.3385,0.3901,0.6746,0.406,0.6243,0.8314,0.89
T000417,Eco-Conscious Urbanite,0.5159,0.6368,0.413,0.6369,0.6121,0.7406,0.9143
T000418,Eco-Conscious Urbanite,0.5589,0.7131,0.5985,0.5464,0.7379,0.7573,0.8947
T000419,Eco-Conscious Urbanite,0.7382,0.5281,0.7805,0.5659,0.6654,0.8695,0.986
T000420,Eco-Conscious Urbanite,0.7075,0.3737,0.5685,0.4157,0.924,0.8383,0.9252
T000421,Eco-Conscious Urbanite,0.5889,0.566,0.6384,0.6227,0.7764,0.8211,0.8295
T000422,Eco-Conscious Urbanite,0.7999,0.4627,0.6169,0.5024,0.6281,0.7199,0.9802
T000423,Eco-Conscious Urbanite,0.7687,0.5897,0.5375,0.5526,0.7759,0.8,0.9365
T000424,Eco-Conscious Urbanite,0.6612,0.3901,0.6082,0.523,0.4291,0.6802,0.946
T000425,Eco-Conscious Urbanite,0.6766,0.4896,0.6793,0.6096,0.7505,0.8825,0.9193
T000426,Eco-Conscious Urbanite,0.6777,0.5154,0.6932,0.7295,0.5782,0.9103,0.9585
T000427,Eco-Conscious Urbanite,0.3504,0.707,0.6357,0.6524,0.7475,0.7528,0.9158
T000428,Eco-Conscious Urbanite,0.7023,0.6767,0.5522,0.6578,0.7096,0.9281,0.8008
T000429,Eco-Conscious Urbanite,0.5181,0.4479,0.4692,0.5349,0.8316,0.7177,0.9773
T000430,Eco-Conscious Urbanite,0.8091,0.7546,0.5413,0.5496,0.7324,0.7465,0.9573
T000431,Eco-Conscious Urbanite,0.5172,0.3513,0.5573,0.2807,0.3865,0.8892,0.9285
T000432,Eco-Conscious Urbanite,0.5443,0.1716,0.7124,0.5474,0.6525,0.6782,0.8362
T000433,Eco-Conscious Urbanite,0.6192,0.4082,0.661,0.6301,0.7197,0.7913,0.847
T000434,Eco-Conscious Urbanite,0.6281,0.6103,0.6038,0.7369,0.7938,0.6892,0.8771
T000435,Eco-Conscious Urbanite,0.6066,0.5057,0.6566,0.6985,0.6214,0.7629,0.8289
T000436,Eco-Conscious Urbanite,0.6516,0.6291,0.7327,0.3051,0.6869,0.8574,0.922
T000437,Eco-Conscious Urbanite,0.4271,0.2677,0.6788,0.396,0.6768,0.7743,0.9187
T000438,Eco-Conscious Urbanite,0.3673,0.4883,0.7521,0.5508,0.6642,0.7863,0.9738
T000439,Eco-Conscious Urbanite,0.4969,0.3961,0.544,0.751,0.7468,0.8603,0.9505
T000440,Eco-Conscious Urbanite,0.6209,0.646,0.4144,0.3552,0.3306,0.7082,0.8835
T000441,Eco-Conscious Urbanite,0.3901,0.4811,0.422,0.5808,0.8117,0.9018,0.7307
T000442,Eco-Conscious Urbanite,0.566,0.589,0.5178,0.5511,0.5532,0.751,0.9395
T000443,Eco-Conscious Urbanite,0.4705,0.5642,0.7379,0.6218,0.7227,0.6355,0.8397
T000444,Eco-Conscious Urbanite,0.3711,0.4739,0.6786,0.6028,0.8201,0.7585,0.6439
T000445,Eco-Conscious Urbanite,0.8822,0.4002,0.5157,0.4342,0.5865,0.6236,0.8767
T000446,Eco-Conscious Urbanite,0.6492,0.4196,0.4862,0.4619,0.5153,0.6154,0.9852
T000447,Eco-Conscious Urbanite,0.5848,0.339,0.7378,0.6034,0.7751,0.8446,0.8744
T000448,Eco-Conscious Urbanite,0.5814,0.7188,0.6372,0.5445,0.6268,0.748,0.9217
T000449,Eco-Conscious Urbanite,0.2187,0.4694,0.6929,0.6346,0.7294,0.9365,0.6298
T000450,Eco-Conscious Urbanite,0.2819,0.3423,0.8585,0.5343,0.6072,0.5432,0.8758
T000451,Eco-Conscious Urbanite,0.6628,0.2934,0.7002,0.7615,0.8094,0.631,0.7092
T000452,Eco-Conscious Urbanite,0.6682,0.5664,0.6021,0.5561,0.556,0.727,0.9354
T000453,Eco-Conscious Urbanite,0.7285,0.6899,0.6208,0.707,0.7811,0.6088,0.976
T000454,Eco-Conscious Urbanite,0.625,0.3611,0.6485,0.4709,0.7646,0.75,0.9483
T000455,Eco-Conscious Urbanite,0.5398,0.4846,0.706,0.4763,0.7019,0.6658,0.8578
T000456,Eco-Conscious Urbanite,0.6154,0.6075,0.7006,0.6093,0.3825,0.882,0.7661
T000457,Eco-Conscious Urbanite,0.3633,0.4508,0.8654,0.5186,0.6152,0.7209,0.7292
T000458,Eco-Conscious Urbanite,0.5812,0.5054,0.5905,0.572,0.4796,0.6862,0.9152
T000459,Eco-Conscious Urbanite,0.7224,0.4401,0.8966,0.8864,0.7552,0.7348,0.8165
T000460,Eco-Conscious Urbanite,0.5889,0.6048,0.702,0.6453,0.7697,0.6497,0.7507
T000461,Eco-Conscious Urbanite,0.5388,0.615,0.4956,0.5718,0.8878,0.6113,0.8658
T000462,Eco-Conscious Urbanite,0.5364,0.6733,0.5223,0.6109,0.7596,0.692,0.8569
T000463,Eco-Conscious Urbanite,0.8399,0.5469,0.7167,0.63,0.5303,0.5417,0.8741
T000464,Eco-Conscious Urbanite,0.4931,0.5673,0.5854,0.6184,0.767,0.6074,0.7918
T000465,Eco-Conscious Urbanite,0.5528,0.649,0.8097,0.5173,0.7068,0.8447,0.8891
T000466,Eco-Conscious Urbanite,0.5475,0.3956,0.5549,0.4858,0.7216,0.729,0.9101
T000467,Eco-Conscious Urbanite,0.6631,0.7638,0.4654,0.3938,0.7063,0.8432,0.9211
T000468,Eco-Conscious Urbanite,0.458,0.4905,0.567,0.4426,0.5472,0.6088,0.882
T000469,Eco-Conscious Urbanite,0.4876,0.7056,0.7889,0.5222,0.6215,0.8858,0.8516
T000470,Eco-Conscious Urbanite,0.6256,0.3654,0.5094,0.5525,0.788,0.6949,0.9595
T000471,Eco-Conscious Urbanite,0.7588,0.5738,0.7286,0.5844,0.7241,0.8548,0.8969
T000472,Eco-Conscious Urbanite,0.7956,0.6492,0.7773,0.6937,0.7156,0.7352,0.9208
T000473,Eco-Conscious Urbanite,0.6241,0.4699,0.8275,0.7126,0.8015,0.8626,0.9394
T000474,Eco-Conscious Urbanite,0.3392,0.341,0.751,0.8566,0.6136,0.82,0.9811
T000475,Eco-Conscious Urbanite,0.46,0.252,0.6516,0.6034,0.6792,0.7368,0.8712
T000476,Eco-Conscious Urbanite,0.6663,0.362,0.7112,0.401,0.6828,0.8492,0.6593
T000477,Eco-Conscious Urbanite,0.7073,0.5585,0.7568,0.4937,0.8439,0.5863,0.7633
T000478,Eco-Conscious Urbanite,0.5182,0.7294,0.7764,0.6182,0.6113,0.8115,0.95
T000479,Eco-Conscious Urbanite,0.5215,0.3749,0.5249,0.6024,0.794,0.6603,0.9259
T000480,Eco-Conscious Urbanite,0.6925,0.2766,0.4992,0.3719,0.6674,0.6444,0.8264
T000481,Eco-Conscious Urbanite,0.3617,0.471,0.6371,0.7273,0.884,0.4338,0.827
T000482,Eco-Conscious Urbanite,0.2008,0.3998,0.615,0.5171,0.5913,0.635,0.9542
T000483,Eco-Conscious Urbanite,0.3642,0.3359,0.8097,0.5348,0.7229,0.8371,0.9028
T000484,Eco-Conscious Urbanite,0.436,0.362,0.6514,0.6293,0.6043,0.8778,0.9319
T000485,Eco-Conscious Urbanite,0.4293,0.6906,0.6907,0.5659,0.8612,0.7578,0.7881
T000486,Eco-Conscious Urbanite,0.3409,0.3458,0.6874,0.5465,0.4914,0.6349,0.9411
T000487,Eco-Conscious Urbanite,0.5506,0.6871,0.7154,0.3847,0.8591,0.7425,0.9696
T000488,Eco-Conscious Urbanite,0.5366,0.4589,0.6745,0.6354,0.6961,0.562,0.9446
T000489,Eco-Conscious Urbanite,0.5581,0.5698,0.7639,0.5127,0.7449,0.9186,0.8304
T000490,Eco-Conscious Urbanite,0.476,0.4002,0.5363,0.556,0.6702,0.7196,0.8715
T000491,Eco-Conscious Urbanite,0.5416,0.7282,0.7178,0.5213,0.4581,0.6947,0.8901
T000492,Eco-Conscious Urbanite,0.3519,0.4876,0.4075,0.4427,0.6792,0.8147,0.8905
T000493,Eco-Conscious Urbanite,0.6083,0.4892,0.5198,0.5295,0.7311,0.7388,0.8975
T000494,Eco-Conscious Urbanite,0.6277,0.5146,0.883,0.7456,0.4814,0.6148,0.9348
T000495,Eco-Conscious Urbanite,0.6716,0.3681,0.7014,0.6238,0.7967,0.8241,0.7857
T000496,Eco-Conscious Urbanite,0.5059,0.4634,0.8182,0.5907,0.861,0.7177,0.8037
T000497,Eco-Conscious Urbanite,0.7459,0.5012,0.6824,0.628,0.847,0.8871,0.8742
T000498,Eco-Conscious Urbanite,0.6329,0.6954,0.6549,0.516,0.5229,0.7448,0.84
T000499,Eco-Conscious Urbanite,0.6365,0.4903,0.7427,0.6922,0.6461,0.8191,0.8381
T000500,Eco-Conscious Urbanite,0.5903,0.5599,0.6297,0.6461,0.7382,0.7157,0.9265
T000501,Mobility-Constrained Traveler,0.4008,0.1606,0.7294,0.8964,0.0484,0.5648,0.3706
T000502,Mobility-Constrained Traveler,0.7889,0.6936,0.8949,0.9,0.2042,0.4993,0.4196
T000503,Mobility-Constrained Traveler,0.421,0.1917,0.8969,0.8291,0.2177,0.4811,0.6967
T000504,Mobility-Constrained Traveler,0.6428,0.4518,0.988,0.7352,0.2044,0.5637,0.3796
T000505,Mobility-Constrained Traveler,0.6265,0.2231,0.9426,0.9037,0.1603,0.6077,0.5303
T000506,Mobility-Constrained Traveler,0.75,0.2933,0.8271,0.7447,0.1885,0.3803,0.2695
T000507,Mobility-Constrained Traveler,0.6405,0.4587,0.868,0.6044,0.1802,0.5699,0.473
T000508,Mobility-Constrained Traveler,0.6442,0.4942,0.7647,0.8109,0.0764,0.2539,0.1881
T000509,Mobility-Constrained Traveler,0.5479,0.3864,0.9226,0.844,0.1277,0.6322,0.3599
T000510,Mobility-Constrained Traveler,0.5038,0.3686,0.774,0.9267,0.1052,0.152,0.504
T000511,Mobility-Constrained Traveler,0.6788,0.2125,0.9221,0.7238,0.2085,0.4495,0.5193
T000512,Mobility-Constrained Traveler,0.7727,0.533,0.9758,0.7413,0.3524,0.7865,0.2832
T000513,Mobility-Constrained Traveler,0.7483,0.2801,0.9966,0.9168,0.2739,0.3696,0.414
T000514,Mobility-Constrained Traveler,0.5741,0.4013,0.969,0.6583,0.3958,0.6185,0.4825
T000515,Mobility-Constrained Traveler,0.7994,0.3742,0.9761,0.8014,0.2864,0.6313,0.5112
T000516,Mobility-Constrained Traveler,0.6965,0.3824,0.9263,0.8318,0.431,0.1747,0.443
T000517,Mobility-Constrained Traveler,0.537,0.618,0.9771,0.9015,0.1559,0.5297,0.526
T000518,Mobility-Constrained Traveler,0.6881,0.4,0.8997,0.8037,0.1991,0.3968,0.5609
T000519,Mobility-Constrained Traveler,0.834,0.4972,0.8007,0.7425,0.1187,0.5622,0.373
T000520,Mobility-Constrained Traveler,0.7525,0.6211,0.9378,0.8818,0.2042,0.6461,0.351
T000521,Mobility-Constrained Traveler,0.2962,0.7956,0.9562,0.9464,0.1308,0.5843,0.3386
T000522,Mobility-Constrained Traveler,0.3134,0.2204,0.8871,0.7714,0.1894,0.3634,0.3363
T000523,Mobility-Constrained Traveler,0.6185,0.3796,0.8738,0.9644,0.3005,0.5487,0.3943
T000524,Mobility-Constrained Traveler,0.5599,0.2635,0.9631,0.728,0.1923,0.436,0.3329
T000525,Mobility-Constrained Traveler,0.7901,0.247,0.8059,0.503,0.1429,0.5158,0.5295
T000526,Mobility-Constrained Traveler,0.6183,0.2239,0.7324,0.9416,0.3017,0.5696,0.5797
T000527,Mobility-Constrained Traveler,0.5068,0.366,0.9313,0.7931,0.2531,0.661,0.4431
T000528,Mobility-Constrained Traveler,0.5937,0.3958,0.8985,0.757,0.2638,0.6569,0.4808
T000529,Mobility-Constrained Traveler,0.7054,0.4196,0.98,0.9147,0.1782,0.3956,0.1786
T000530,Mobility-Constrained Traveler,0.5704,0.4548,0.9317,0.5778,0.3623,0.4316,0.4535
T000531,Mobility-Constrained Traveler,0.6888,0.5088,0.9161,0.7355,0.0487,0.5164,0.2902
T000532,Mobility-Constrained Traveler,0.5556,0.2035,0.8122,0.8411,0.3729,0.4209,0.3614
T000533,Mobility-Constrained Traveler,0.669,0.5375,0.7838,0.8527,0.419,0.5762,0.4899
T000534,Mobility-Constrained Traveler,0.6466,0.2464,0.9787,0.7509,0.1094,0.6395,0.489
T000535,Mobility-Constrained Traveler,0.6882,0.3927,0.9681,0.8592,0.1039,0.592,0.4192
T000536,Mobility-Constrained Traveler,0.3797,0.3292,0.9777,0.9526,0.2058,0.6251,0.4969
T000537,Mobility-Constrained Traveler,0.7093,0.1305,0.9766,0.7857,0.3571,0.3351,0.2696
T000538,Mobility-Constrained Traveler,0.4951,0.5454,0.9599,0.9398,0.418,0.4211,0.5586
T000539,Mobility-Constrained Traveler,0.5029,0.5413,0.895,0.8786,0.2117,0.5416,0.5392
T000540,Mobility-Constrained Traveler,0.558,0.3243,0.9496,0.7478,0.0799,0.619,0.3548
T000541,Mobility-Constrained Traveler,0.5419,0.6155,0.9131,0.9027,0.2625,0.5219,0.3592
T000542,Mobility-Constrained Traveler,0.6584,0.3373,0.8857,0.816,0.0861,0.5336,0.4605
T000543,Mobility-Constrained Traveler,0.4047,0.4107,0.8426,0.7435,0.3015,0.6476,0.396
T000544,Mobility-Constrained Traveler,0.8167,0.3696,0.932,0.82,0.1738,0.3533,0.2805
T000545,Mobility-Constrained Traveler,0.595,0.459,0.9526,0.664,0.2322,0.5058,0.4654
T000546,Mobility-Constrained Traveler,0.7304,0.4643,0.9631,0.6713,0.2227,0.555,0.2907
T000547,Mobility-Constrained Traveler,0.4798,0.5113,0.8252,0.5339,0.2469,0.4845,0.3855
T000548,Mobility-Constrained Traveler,0.4174,0.315,0.8317,0.9744,0.0888,0.692,0.2273
T000549,Mobility-Constrained Traveler,0.624,0.2904,0.8497,0.8882,0.1254,0.3616,0.4859
T000550,Mobility-Constrained Traveler,0.8954,0.6976,0.9239,0.8449,0.1052,0.4781,0.3907
T000551,Mobility-Constrained Traveler,0.7849,0.529,0.6013,0.9581,0.2892,0.6211,0.4474
T000552,Mobility-Constrained Traveler,0.8299,0.683,0.9838,0.8158,0.1284,0.7122,0.5735
T000553,Mobility-Constrained Traveler,0.6124,0.1352,0.9744,0.8781,0.2122,0.5546,0.5606
T000554,Mobility-Constrained Traveler,0.3943,0.3351,0.8562,0.7017,0.2024,0.6836,0.4875
T000555,Mobility-Constrained Traveler,0.4974,0.3062,0.949,0.8344,0.1828,0.6477,0.1757
T000556,Mobility-Constrained Traveler,0.5108,0.5332,0.8456,0.7761,0.1413,0.5739,0.4959
T000557,Mobility-Constrained Traveler,0.5556,0.4115,0.9512,0.9122,0.079,0.5331,0.5916
T000558,Mobility-Constrained Traveler,0.6707,0.3889,0.6841,0.7946,0.1559,0.616,0.2993
T000559,Mobility-Constrained Traveler,0.5167,0.3454,0.7509,0.7818,0.1937,0.8274,0.3163
T000560,Mobility-Constrained Traveler,0.5801,0.3347,0.8133,0.8017,0.1224,0.469,0.3702
T000561,Mobility-Constrained Traveler,0.7138,0.229,0.977,0.9335,0.0632,0.4016,0.3378
T000562,Mobility-Constrained Traveler,0.7261,0.2562,0.9188,0.8165,0.2555,0.4098,0.5463
T000563,Mobility-Constrained Traveler,0.6523,0.3591,0.9855,0.9723,0.3023,0.5255,0.2694
T000564,Mobility-Constrained Traveler,0.7719,0.4126,0.8603,0.3536,0.1401,0.5989,0.3352
T000565,Mobility-Constrained Traveler,0.7396,0.2952,0.9656,0.8366,0.1783,0.3655,0.1814
T000566,Mobility-Constrained Traveler,0.7491,0.6079,0.966,0.713,0.354,0.5829,0.3499
T000567,Mobility-Constrained Traveler,0.5137,0.3685,0.918,0.8694,0.374,0.4381,0.28
T000568,Mobility-Constrained Traveler,0.664,0.1656,0.9355,0.9745,0.1065,0.6682,0.3028
T000569,Mobility-Constrained Traveler,0.6901,0.4867,0.9652,0.8605,0.2448,0.6061,0.3827
T000570,Mobility-Constrained Traveler,0.5925,0.4496,0.9465,0.8428,0.492,0.4466,0.6504
T000571,Mobility-Constrained Traveler,0.6217,0.4249,0.9884,0.8756,0.2628,0.4169,0.4396
T000572,Mobility-Constrained Traveler,0.752,0.3533,0.9482,0.8798,0.0815,0.4668,0.4104
T000573,Mobility-Constrained Traveler,0.4803,0.3437,0.9837,0.8882,0.1396,0.4826,0.4265
T000574,Mobility-Constrained Traveler,0.5741,0.3031,0.836,0.8084,0.0902,0.6241,0.5596
T000575,Mobility-Constrained Traveler,0.695,0.5266,0.7107,0.6842,0.3623,0.4882,0.5002
T000576,Mobility-Constrained Traveler,0.6301,0.258,0.9217,0.8112,0.3412,0.3948,0.5788
T000577,Mobility-Constrained Traveler,0.7118,0.3836,0.906,0.8017,0.0827,0.421,0.3339
T000578,Mobility-Constrained Traveler,0.4714,0.3881,0.9395,0.8097,0.2586,0.4393,0.3435
T000579,Mobility-Constrained Traveler,0.4987,0.3431,0.9085,0.8225,0.2734,0.3899,0.2733
T000580,Mobility-Constrained Traveler,0.4503,0.4032,0.9339,0.8252,0.2742,0.4035,0.3921
T000581,Mobility-Constrained Traveler,0.5981,0.5381,0.9674,0.8706,0.2251,0.4229,0.354
T000582,Mobility-Constrained Traveler,0.6417,0.2455,0.9976,0.9153,0.0992,0.3274,0.4737
T000583,Mobility-Constrained Traveler,0.493,0.2637,0.882,0.9145,0.1983,0.7187,0.3249
T000584,Mobility-Constrained Traveler,0.74,0.2953,0.9296,0.9228,0.1843,0.6258,0.4167
T000585,Mobility-Constrained Traveler,0.576,0.1597,0.9187,0.89,0.1662,0.5934,0.4024
T000586,Mobility-Constrained Traveler,0.6806,0.3644,0.8726,0.7498,0.1186,0.536,0.4673
T000587,Mobility-Constrained Traveler,0.3983,0.3435,0.9445,0.7994,0.2464,0.7281,0.3428
T000588,Mobility-Constrained Traveler,0.5263,0.4605,0.5461,0.7983,0.2514,0.3903,0.549
T000589,Mobility-Constrained Traveler,0.8139,0.492,0.9838,0.9178,0.3142,0.5771,0.3839
T000590,Mobility-Constrained Traveler,0.8077,0.2805,0.8261,0.8717,0.1648,0.3924,0.3659
T000591,Mobility-Constrained Traveler,0.5221,0.3125,0.9309,0.9424,0.0627,0.5885,0.3324
T000592,Mobility-Constrained Traveler,0.4047,0.3499,0.8811,0.8762,0.1988,0.6546,0.2484
T000593,Mobility-Constrained Traveler,0.6842,0.4958,0.8841,0.8911,0.2285,0.4567,0.2319
T000594,Mobility-Constrained Traveler,0.4251,0.2407,0.9139,0.5694,0.3946,0.5513,0.5301
T000595,Mobility-Constrained Traveler,0.5267,0.3647,0.8633,0.9206,0.2946,0.3152,0.2551
T000596,Mobility-Constrained Traveler,0.7091,0.1638,0.7422,0.8292,0.0684,0.6995,0.2043
T000597,Mobility-Constrained Traveler,0.7753,0.1666,0.8693,0.908,0.2222,0.7626,0.4178
T000598,Mobility-Constrained Traveler,0.5978,0.1797,0.97,0.7403,0.1942,0.5754,0.4646
T000599,Mobility-Constrained Traveler,0.7356,0.3671,0.9491,0.5968,0.4368,0.3404,0.1268
T000600,Mobility-Constrained Traveler,0.7674,0.2327,0.8717,0.7811,0.2407,0.6192,0.3715
